Optimization_No,Date,Predicted_Score,Cost,Player_Count,FD_Points,Cash,Percentile,multiplier,Outcome
1,2021-02-01,306.0624993,3.0,9,290.0,N,-0.015926236,1.7,0.0
2,2021-02-01,305.57136319999995,3.0,9,293.4,Y,0.012573345,1.7,5.1
3,2021-02-01,305.34677969999996,3.0,9,301.4,Y,0.07963118200000001,1.7,5.1
4,2021-02-01,305.3160603,3.0,9,305.8,Y,0.116512992,1.7,5.1
5,2021-02-01,305.0345013000001,3.0,9,297.9,Y,0.050293378,1.7,5.1
6,2021-02-01,304.954682,3.0,9,310.0,Y,0.151718357,1.7,5.1
7,2021-02-01,304.9008856000001,3.0,9,317.5,Y,0.21458508,2.0,6.0
8,2021-02-01,304.8115118,3.0,9,286.4,N,-0.046102263,1.7,0.0
9,2021-02-01,304.5433652,3.0,9,301.3,Y,0.07879295900000001,1.7,5.1
10,2021-02-01,304.4430311000001,3.0,9,306.4,Y,0.12154233,1.7,5.1
1,2021-02-02,303.6628472,3.0,9,274.8,N,-0.345050879,1.7,0.0
2,2021-02-02,303.021856,3.0,9,345.0,Y,0.304347826,2.1,6.3
3,2021-02-02,302.9960396,3.0,9,318.6,Y,0.06012951,1.7,5.1
4,2021-02-02,302.8909881,3.0,9,321.2,Y,0.08418131400000001,1.7,5.1
5,2021-02-02,302.7386798,3.0,9,271.3,N,-0.377428307,1.7,0.0
6,2021-02-02,302.4780724,3.0,9,331.2,Y,0.176688252,2.0,6.0
7,2021-02-02,302.4667744,3.0,9,272.7,N,-0.36447733600000004,1.7,0.0
8,2021-02-02,302.3795966,3.0,9,309.1,N,-0.027752081,1.7,0.0
9,2021-02-02,302.2437882,3.0,9,319.2,Y,0.065679926,1.7,5.1
10,2021-02-02,302.1879977,3.0,9,311.4,N,-0.006475486,1.7,0.0
1,2021-02-03,305.71862285392604,3.0,9,258.9,N,-0.6647531572904714,1.7,0.0
2,2021-02-03,305.6068709172209,3.0,9,209.2,N,-1.2353616532721017,1.7,0.0
3,2021-02-03,305.6036867146625,3.0,9,249.0,N,-0.7784156142365102,1.7,0.0
4,2021-02-03,305.5896382704333,3.0,9,237.9,N,-0.9058553386911601,1.7,0.0
5,2021-02-03,305.58645406787485,3.0,9,277.70000000000005,N,-0.4489092996555681,1.7,0.0
6,2021-02-03,305.5261861052808,3.0,9,298.4,N,-0.21125143513203265,1.7,0.0
7,2021-02-03,305.46558554056253,3.0,9,225.1,N,-1.0528128587830083,1.7,0.0
8,2021-02-03,305.44835289377494,3.0,9,253.8,N,-0.7233065442020669,1.7,0.0
9,2021-02-03,305.3572255569441,3.0,9,241.5,N,-0.8645235361653277,1.7,0.0
10,2021-02-03,305.10963753678317,3.0,9,307.2000000000001,N,-0.110218140068886,1.7,0.0
1,2021-02-04,276.2050257595786,3.0,8,255.09999999999997,N,-0.7194719471947196,1.7,0.0
2,2021-02-04,256.6966412563541,3.0,8,253.9,N,-0.7392739273927387,1.7,0.0
3,2021-02-04,256.69653337049203,3.0,9,264.3,N,-0.5676567656765671,1.7,0.0
4,2021-02-04,256.69645576821983,3.0,9,277.3,N,-0.35313531353135263,1.7,0.0
5,2021-02-04,237.18807612075884,3.0,8,220.8,N,-1.2854785478547845,1.7,0.0
6,2021-02-04,237.1879674946901,3.0,9,219.70000000000002,N,-1.3036303630363026,1.7,0.0
7,2021-02-04,237.18786935888366,3.0,9,231.79999999999998,N,-1.1039603960396036,1.7,0.0
8,2021-02-04,217.6794901937373,3.0,8,199.99999999999997,N,-1.6287128712871284,1.7,0.0
9,2021-02-04,217.67938619888776,3.0,9,238.5,N,-0.9933993399339929,1.7,0.0
10,2021-02-04,217.67928306262434,3.0,9,223.0,N,-1.2491749174917486,1.7,0.0
1,2021-02-05,321.3937698000001,3.33,9,227.3,N,-0.983263598,1.7,0.0
2,2021-02-05,321.3755727,3.33,9,254.3,N,-0.70083682,1.7,0.0
3,2021-02-05,320.7999994,3.33,9,240.6,N,-0.8441422590000001,1.7,0.0
4,2021-02-05,320.626892,3.33,9,210.3,N,-1.161087866,1.7,0.0
5,2021-02-05,320.59882319999997,3.33,9,224.4,N,-1.0135983259999999,1.7,0.0
6,2021-02-05,320.5719913000001,3.33,9,248.4,N,-0.7625523009999999,1.7,0.0
7,2021-02-05,320.4797453000001,3.33,9,248.7,N,-0.759414226,1.7,0.0
8,2021-02-05,320.4702224,3.33,9,215.0,N,-1.111924686,1.7,0.0
9,2021-02-05,320.4683081,3.33,9,231.9,N,-0.935146444,1.7,0.0
10,2021-02-05,320.4418282,3.33,9,236.4,N,-0.8880753140000001,1.7,0.0
1,2021-02-07,308.6511288000001,5.55,9,278.2,N,-0.089153046,1.7,0.0
2,2021-02-07,308.2862697,5.55,9,263.5,N,-0.307578009,1.7,0.0
3,2021-02-07,308.07801789999996,5.55,9,275.9,N,-0.12332838,1.7,0.0
4,2021-02-07,307.8260475,5.55,9,289.6,Y,0.080237741,1.7,9.435
5,2021-02-07,307.6384634,5.55,9,269.3,N,-0.221396731,1.7,0.0
6,2021-02-07,307.43021160000006,5.55,9,281.7,N,-0.037147103,1.7,0.0
7,2021-02-07,307.34036349999997,5.55,9,278.9,N,-0.07875185700000001,1.7,0.0
8,2021-02-07,307.31853789999997,5.55,9,279.1,N,-0.07578008900000001,1.7,0.0
9,2021-02-07,307.2724648,5.55,9,267.5,N,-0.248142645,1.7,0.0
10,2021-02-07,307.1527795,5.55,9,258.6,N,-0.38038633,1.7,0.0
1,2021-02-09,302.88874619999996,3.33,9,266.0,N,-0.301960784,1.7,0.0
2,2021-02-09,302.1021458,3.33,9,321.1,Y,0.238235294,2.1,6.992999999999999
3,2021-02-09,302.0724031000001,3.33,9,264.0,N,-0.321568627,1.7,0.0
4,2021-02-09,302.05109889999994,3.33,9,265.0,N,-0.311764706,1.7,0.0
5,2021-02-09,301.9259948,3.33,9,261.4,N,-0.347058824,1.7,0.0
6,2021-02-09,301.9093757,3.33,9,323.6,Y,0.262745098,2.1,6.992999999999999
7,2021-02-09,301.9060731,3.33,9,266.6,N,-0.29607843100000003,1.7,0.0
8,2021-02-09,301.8351939,3.33,9,289.4,N,-0.07254902,1.7,0.0
9,2021-02-09,301.7596648,3.33,9,264.0,N,-0.321568627,1.7,0.0
10,2021-02-09,301.66886380000005,3.33,9,292.0,N,-0.047058824000000006,1.7,0.0
1,2021-02-10,318.2632742,3.33,9,260.1,N,-0.40776699,1.7,0.0
2,2021-02-10,317.8755326000001,3.33,9,244.9,N,-0.541924095,1.7,0.0
3,2021-02-10,317.35526410000006,3.33,9,231.3,N,-0.6619594,1.7,0.0
4,2021-02-10,317.1435066,3.33,9,252.5,N,-0.474845543,1.7,0.0
5,2021-02-10,317.07873839999996,3.33,9,240.3,N,-0.582524272,1.7,0.0
6,2021-02-10,316.4475551999999,3.33,9,236.4,N,-0.616946161,1.7,0.0
7,2021-02-10,316.4263572,3.33,9,254.6,N,-0.45631068,1.7,0.0
8,2021-02-10,316.1173931,3.33,9,227.3,N,-0.6972639009999999,1.7,0.0
9,2021-02-10,316.1140215,3.33,9,236.2,N,-0.618711386,1.7,0.0
10,2021-02-10,315.9589708000001,3.33,9,232.7,N,-0.649602824,1.7,0.0
1,2021-02-11,292.74149275515134,3.33,9,327.1,Y,0.3097345132743364,2.1,6.9929999999999986
2,2021-02-11,291.98250381295907,3.33,9,306.8,Y,0.08517699115044237,1.7,5.6610000000000005
3,2021-02-11,291.7967513050153,3.33,9,329.8,Y,0.3396017699115044,2.1,6.9929999999999986
4,2021-02-11,291.7223938877519,3.33,9,294.8,N,-0.047566371681416066,1.7,0.0
5,2021-02-11,291.353394711396,3.33,9,276.1,N,-0.254424778761062,1.7,0.0
6,2021-02-11,291.24329385524237,3.33,9,293.4000000000001,N,-0.06305309734513262,1.7,0.0
7,2021-02-11,291.06304578903047,3.33,9,313.1,Y,0.1548672566371682,1.7,5.6610000000000005
8,2021-02-11,290.8867075466728,3.33,9,293.2000000000001,N,-0.06526548672566349,1.7,0.0
9,2021-02-11,290.883283406245,3.33,9,274.3,N,-0.2743362831858409,1.7,0.0
10,2021-02-11,290.80293586382334,3.33,9,301.1,Y,0.02212389380530974,1.7,5.6610000000000005
1,2021-02-12,310.3505019896926,3.33,9,315.4000000000001,Y,0.030057803468208355,1.7,5.6610000000000005
2,2021-02-12,310.16132125521165,3.33,9,313.1,Y,0.0034682080924856805,1.7,5.6610000000000005
3,2021-02-12,310.124608164762,3.33,9,280.3,N,-0.3757225433526011,1.7,0.0
4,2021-02-12,310.0530937240345,3.33,9,335.99999999999994,Y,0.26820809248554833,2.1,6.9929999999999986
5,2021-02-12,309.8779371360454,3.33,9,324.0,Y,0.12947976878612705,1.7,5.6610000000000005
6,2021-02-12,309.5754737154182,3.33,9,322.6,Y,0.1132947976878614,1.7,5.6610000000000005
7,2021-02-12,308.9116605285978,3.33,9,346.0,Y,0.38381502890173397,2.3,7.659
8,2021-02-12,308.7462422366058,3.33,9,279.6,N,-0.38381502890173397,1.7,0.0
9,2021-02-12,308.7422777353202,3.33,9,326.2000000000001,Y,0.15491329479768826,1.7,5.6610000000000005
10,2021-02-12,308.57198114971544,3.33,9,303.0,N,-0.1132947976878614,1.7,0.0
1,2021-02-13,305.84051483425907,3.33,9,279.0,N,-0.28248587570621464,1.7,0.0
2,2021-02-13,304.9991952796129,3.33,9,282.7000000000001,N,-0.2302259887005643,1.7,0.0
3,2021-02-13,304.71299405328233,3.33,9,265.1,N,-0.4788135593220335,1.7,0.0
4,2021-02-13,304.5419268904623,3.33,9,280.0,N,-0.2683615819209039,1.7,0.0
5,2021-02-13,304.391629857924,3.33,9,250.00000000000003,N,-0.6920903954802254,1.7,0.0
6,2021-02-13,304.34535958051464,3.33,9,264.40000000000003,N,-0.4887005649717509,1.7,0.0
7,2021-02-13,304.17429241769463,3.33,9,279.3,N,-0.2782485875706213,1.7,0.0
8,2021-02-13,303.98225742621867,3.33,9,268.1,N,-0.4364406779661013,1.7,0.0
9,2021-02-13,303.78127086236395,3.33,9,279.70000000000005,N,-0.2725988700564965,1.7,0.0
10,2021-02-13,303.5864537405795,3.33,9,262.40000000000003,N,-0.5169491525423723,1.7,0.0
1,2021-02-14,304.3102314539665,3.33,9,289.1,N,-0.22244691607684536,1.7,0.0
2,2021-02-14,304.2426287421975,3.33,9,311.1,N,0.0,1.7,0.0
3,2021-02-14,304.1417475716832,3.33,9,299.00000000000006,N,-0.1223458038422646,1.7,0.0
4,2021-02-14,304.0286388011143,3.33,9,275.5,N,-0.35995955510616817,1.7,0.0
5,2021-02-14,303.80221512717867,3.33,9,337.2,Y,0.2639029322548025,2.1,6.9929999999999986
6,2021-02-14,303.74739781218847,3.33,9,317.3,Y,0.06268958543983813,1.7,5.6610000000000005
7,2021-02-14,303.7039793482095,3.33,9,341.1,Y,0.3033367037411522,2.1,6.9929999999999986
8,2021-02-14,303.65143196448213,3.33,9,312.3,Y,0.012133468149645995,1.7,5.6610000000000005
9,2021-02-14,303.59746799674,3.33,9,304.2,N,-0.06976744186046548,1.7,0.0
10,2021-02-14,303.5882251860956,3.33,9,301.6,N,-0.09605662285136504,1.7,0.0
1,2021-02-15,304.19816186943365,3.33,9,351.5,Y,0.07802093244529011,1.7,5.6610000000000005
2,2021-02-15,303.64345722957273,3.33,9,389.6,Y,0.4405328258801144,3.0,9.99
3,2021-02-15,303.49404810346215,3.33,9,374.8,Y,0.2997145575642241,2.1,6.9929999999999986
4,2021-02-15,302.3705338766981,3.33,9,369.1,Y,0.24548049476688885,2.1,6.9929999999999986
5,2021-02-15,302.18859296795347,3.33,9,380.1,Y,0.3501427212178879,2.1,6.9929999999999986
6,2021-02-15,302.02837203722737,3.33,9,306.8,N,-0.3472882968601333,1.7,0.0
7,2021-02-15,301.8359759505817,3.33,9,368.3,Y,0.2378686964795433,2.1,6.9929999999999986
8,2021-02-15,301.8064480675285,3.33,9,384.4,Y,0.3910561370123695,2.3,7.659
9,2021-02-15,301.78812764853643,3.33,9,373.0,Y,0.2825880114176974,2.1,6.9929999999999986
10,2021-02-15,301.7847092285415,3.33,9,374.70000000000016,Y,0.2987630827783068,2.1,6.9929999999999986
1,2021-02-16,302.7592353356073,3.33,9,318.7999999999999,N,-0.05131004366812275,1.7,0.0
2,2021-02-16,302.59848947112675,3.33,9,297.6,N,-0.2827510917030571,1.7,0.0
3,2021-02-16,301.94811331005053,3.33,9,329.2,Y,0.06222707423580773,1.7,5.6610000000000005
4,2021-02-16,301.6278652461158,3.33,9,300.4,N,-0.2521834061135373,1.7,0.0
5,2021-02-16,301.54662709744105,3.33,9,312.99999999999994,N,-0.11462882096069928,1.7,0.0
6,2021-02-16,301.4468821629983,3.33,9,318.6,N,-0.05349344978165975,1.7,0.0
7,2021-02-16,301.34882874451284,3.33,9,311.4,N,-0.13209606986899586,1.7,0.0
8,2021-02-16,301.34673785571215,3.33,9,328.19999999999993,Y,0.051310043668121516,1.7,5.6610000000000005
9,2021-02-16,285.3895468061655,3.33,8,288.0,N,-0.3875545851528383,1.7,0.0
10,2021-02-16,285.38941859488085,3.33,9,291.2,N,-0.35262008733624456,1.7,0.0
1,2021-02-17,307.00324937530274,3.33,9,366.4,Y,0.19963031423290173,2.0,6.66
2,2021-02-17,306.8973739307002,3.33,9,346.2,Y,0.012939001848428626,1.7,5.6610000000000005
3,2021-02-17,266.6599782913654,3.33,8,265.7,N,-0.7310536044362295,1.7,0.0
4,2021-02-17,266.65987169392577,3.33,9,284.80000000000007,N,-0.5545286506469497,1.7,0.0
5,2021-02-17,266.65976918491435,3.33,9,309.4999999999999,N,-0.3262476894639568,1.7,0.0
6,2021-02-17,266.6596651012136,3.33,9,310.10000000000014,N,-0.32070240295748553,1.7,0.0
7,2021-02-17,266.66011838699575,3.33,9,343.7,N,-0.010166358595194295,1.7,0.0
8,2021-02-17,266.6600168452568,3.33,9,324.60000000000014,N,-0.1866913123844726,1.7,0.0
9,2021-02-17,266.6599090289951,3.33,9,273.3,N,-0.6608133086876156,1.7,0.0
10,2021-02-17,266.6598031405489,3.33,9,326.7,N,-0.16728280961183015,1.7,0.0
1,2021-02-18,287.3855215019916,3.33,9,264.2,N,-0.26149425287356304,1.7,0.0
2,2021-02-18,286.3469191783678,3.33,9,262.9,N,-0.28017241379310337,1.7,0.0
3,2021-02-18,286.29804055590273,3.33,9,255.3,N,-0.3893678160919534,1.7,0.0
4,2021-02-18,286.13748376650034,3.33,9,240.3,N,-0.6048850574712636,1.7,0.0
5,2021-02-18,285.5002886399925,3.33,9,253.8,N,-0.4109195402298844,1.7,0.0
6,2021-02-18,285.2380933949252,3.33,9,262.5,N,-0.28591954022988464,1.7,0.0
7,2021-02-18,285.2033034409042,3.33,9,259.8,N,-0.32471264367816033,1.7,0.0
8,2021-02-18,285.15951666577257,3.33,9,236.90000000000003,N,-0.6537356321839071,1.7,0.0
9,2021-02-18,285.0775366055228,3.33,9,247.50000000000003,N,-0.5014367816091945,1.7,0.0
10,2021-02-18,284.4616863163687,3.33,9,252.5,N,-0.4295977011494248,1.7,0.0
1,2021-02-19,313.52469630520864,3.33,9,303.5,N,-0.2966417910447763,1.7,0.0
2,2021-02-19,273.07079714730736,3.33,8,255.6,N,-0.7434701492537316,1.7,0.0
3,2021-02-19,273.07069649643114,3.33,9,255.1,N,-0.7481343283582091,1.7,0.0
4,2021-02-19,258.0533230615962,3.33,8,238.5,N,-0.9029850746268658,1.7,0.0
5,2021-02-19,258.0532231068911,3.33,9,284.30000000000007,N,-0.4757462686567159,1.7,0.0
6,2021-02-19,258.05312400098245,3.33,9,284.1,N,-0.47761194029850795,1.7,0.0
7,2021-02-19,258.0530231536855,3.33,9,340.6,Y,0.0494402985074628,1.7,5.6610000000000005
8,2021-02-19,258.0529178953064,3.33,9,272.4,N,-0.5867537313432839,1.7,0.0
9,2021-02-19,258.0528158922141,3.33,9,394.1,Y,0.5485074626865668,4.9,16.317
10,2021-02-19,258.0527171307492,3.33,9,240.4,N,-0.8852611940298512,1.7,0.0
1,2021-02-20,298.68036923109804,3.0,9,296.6,N,-0.09151047409040802,1.7,0.0
2,2021-02-20,298.0596964380654,3.0,9,304.9000000000001,Y,6.267190613099006e-16,1.7,5.1
3,2021-02-20,297.3633664467668,3.0,9,303.3,N,-0.017640573318632467,1.7,0.0
4,2021-02-20,297.33919843379834,3.0,9,307.3,Y,0.026460859977949645,1.7,5.1
5,2021-02-20,297.14000157152026,3.0,9,283.6,N,-0.2348401323042999,1.7,0.0
6,2021-02-20,297.09451302440215,3.0,9,284.6,N,-0.22381477398015373,1.7,0.0
7,2021-02-20,296.78249395616797,3.0,9,281.5,N,-0.2579933847850051,1.7,0.0
8,2021-02-20,296.7370054090498,3.0,9,282.50000000000006,N,-0.2469680264608589,1.7,0.0
9,2021-02-20,296.4339018191442,3.0,9,279.0,N,-0.2855567805953689,1.7,0.0
10,2021-02-20,296.3576256211736,3.0,9,312.0,Y,0.07828004410143351,1.7,5.1
1,2021-02-21,307.13827148288163,3.33,9,320.1,Y,0.02050113895216349,1.7,5.6610000000000005
2,2021-02-21,306.53006512917005,3.33,9,332.7,Y,0.1640091116173118,1.7,5.6610000000000005
3,2021-02-21,306.085616830081,3.33,9,339.1,Y,0.2369020501138947,2.1,6.992999999999999
4,2021-02-21,266.60775325011844,3.33,8,225.8,N,-1.0535307517084285,1.7,0.0
5,2021-02-21,266.60764428642767,3.33,9,313.4,N,-0.05580865603644685,1.7,0.0
6,2021-02-21,266.60754184577274,3.33,9,291.2000000000001,N,-0.30865603644646883,1.7,0.0
7,2021-02-21,266.60743659746817,3.33,9,265.6,N,-0.6002277904328016,1.7,0.0
8,2021-02-21,266.6073367134118,3.33,9,303.8,N,-0.16514806378132116,1.7,0.0
9,2021-02-21,266.6072425501857,3.33,9,285.2,N,-0.3769931662870162,1.7,0.0
10,2021-02-21,266.6071385799941,3.33,9,348.40000000000015,Y,0.3428246013667428,2.1,6.992999999999999
1,2021-02-22,263.66609130561574,3.33,8,260.0,N,-0.4525627044711015,1.7,0.0
2,2021-02-22,263.66598878144174,3.33,9,270.90000000000003,N,-0.33369683751363105,1.7,0.0
3,2021-02-22,263.665885543499,3.33,9,291.5,N,-0.10905125408942204,1.7,0.0
4,2021-02-22,249.20062304325612,3.33,8,263.5,N,-0.41439476553980376,1.7,0.0
5,2021-02-22,230.04680864420288,3.33,8,219.7,N,-0.8920392584514721,1.7,0.0
6,2021-02-22,190.84914916502902,3.33,8,191.1,N,-1.2039258451472197,1.7,0.0
7,2021-02-22,171.69533201633567,3.33,8,172.60000000000005,N,-1.4056706652126498,1.7,0.0
8,2021-02-22,171.6952294653924,3.33,9,192.8,N,-1.1853871319520175,1.7,0.0
9,2021-02-22,158.45954882322815,3.33,8,142.2,N,-1.7371864776444932,1.7,0.0
10,2021-02-22,158.45944717580934,3.33,9,222.8,N,-0.8582333696837513,1.7,0.0
1,2021-02-23,307.4724186915513,3.0,9,281.9,N,-0.4069930069930073,1.7,0.0
2,2021-02-23,306.9256279910361,3.0,9,283.5,N,-0.38461538461538464,1.7,0.0
3,2021-02-23,306.910010556638,3.0,9,271.1,N,-0.5580419580419578,1.7,0.0
4,2021-02-23,306.8779469116319,3.0,9,275.3,N,-0.4993006993006992,1.7,0.0
5,2021-02-23,306.6718461883339,3.0,9,297.8,N,-0.1846153846153845,1.7,0.0
6,2021-02-23,306.6241651089297,3.0,9,289.6,N,-0.29930069930069897,1.7,0.0
7,2021-02-23,306.15351672341137,3.0,9,311.6,Y,0.008391608391608709,1.7,5.1
8,2021-02-23,306.10943805342066,3.0,9,287.0,N,-0.3356643356643357,1.7,0.0
9,2021-02-23,306.06175697401636,3.0,9,278.8,N,-0.4503496503496502,1.7,0.0
10,2021-02-23,305.9873137341212,3.0,9,271.1,N,-0.5580419580419578,1.7,0.0
1,2021-02-24,264.7815070522255,3.0,8,294.0,N,-0.2192192192192189,1.7,0.0
2,2021-02-24,225.58384992609908,3.0,8,238.7,N,-0.7727727727727727,1.7,0.0
3,2021-02-24,225.58375032457425,3.0,9,211.2,N,-1.0480480480480476,1.7,0.0
4,2021-02-24,225.58364627355544,3.0,9,254.50000000000003,N,-0.6146146146146139,1.7,0.0
5,2021-02-24,225.58354257347355,3.0,9,266.5,N,-0.4944944944944941,1.7,0.0
6,2021-02-24,186.3858885481575,3.0,8,226.2,N,-0.8978978978978974,1.7,0.0
7,2021-02-24,186.38578816750973,3.0,9,210.3,N,-1.0570570570570563,1.7,0.0
8,2021-02-24,186.38567841114133,3.0,9,208.3,N,-1.0770770770770763,1.7,0.0
9,2021-02-24,186.38557172514686,3.0,9,205.7,N,-1.1031031031031022,1.7,0.0
10,2021-02-24,186.38547015968646,3.0,9,212.2,N,-1.0380380380380376,1.7,0.0
1,2021-02-25,302.85343875004037,3.33,9,311.4000000000001,Y,0.10666666666666692,1.7,5.6610000000000005
2,2021-02-25,302.2293558811002,3.33,9,287.7,N,-0.15666666666666693,1.7,0.0
3,2021-02-25,302.0892016223968,3.33,9,315.8,Y,0.15555555555555556,1.7,5.6610000000000005
4,2021-02-25,282.87691228979264,3.33,8,290.5,N,-0.12555555555555567,1.7,0.0
5,2021-02-25,282.87680931278413,3.33,9,299.1,N,-0.030000000000000505,1.7,0.0
6,2021-02-25,282.87670654459987,3.33,9,298.5,N,-0.036666666666666785,1.7,0.0
7,2021-02-25,282.8765968712653,3.33,9,293.3,N,-0.09444444444444444,1.7,0.0
8,2021-02-25,282.87649755980425,3.33,9,237.6,N,-0.7133333333333332,1.7,0.0
9,2021-02-25,282.8763966306285,3.33,9,343.79999999999984,Y,0.4666666666666661,3.0,9.99
10,2021-02-25,282.8762966457701,3.33,9,296.2999999999999,N,-0.06111111111111174,1.7,0.0
1,2021-02-26,264.6845870610057,3.33,8,266.1,N,-0.493736951983298,1.7,0.0
2,2021-02-26,264.6844775627078,3.33,9,237.5,N,-0.7922755741127349,1.7,0.0
3,2021-02-26,264.68437745312,3.33,9,304.4,N,-0.0939457202505219,1.7,0.0
4,2021-02-26,248.4808130858962,3.33,8,273.4,N,-0.417536534446764,1.7,0.0
5,2021-02-26,209.28315576646264,3.33,8,254.3,N,-0.6169102296450936,1.7,0.0
6,2021-02-26,193.0795810989006,3.33,8,217.7,N,-0.9989561586638828,1.7,0.0
7,2021-02-26,193.07947962644263,3.33,9,229.9,N,-0.87160751565762,1.7,0.0
8,2021-02-26,193.0793773588584,3.33,9,239.9,N,-0.7672233820459289,1.7,0.0
9,2021-02-26,193.0792737486396,3.33,9,234.5,N,-0.8235908141962418,1.7,0.0
10,2021-02-26,193.07916422803558,3.33,9,219.30000000000004,N,-0.9822546972860118,1.7,0.0
1,2021-02-27,305.53852401293256,3.33,9,331.2000000000001,Y,0.11606096131301327,1.7,5.6610000000000005
2,2021-02-27,305.4185812758743,3.33,9,329.50000000000006,Y,0.09613130128956676,1.7,5.6610000000000005
3,2021-02-27,305.17051524799734,3.33,9,335.7999999999999,Y,0.16998827667057376,1.7,5.6610000000000005
4,2021-02-27,305.14658584731427,3.33,9,310.6,N,-0.12543962485345822,1.7,0.0
5,2021-02-27,304.5989291670845,3.33,9,329.5,Y,0.0961313012895661,1.7,5.6610000000000005
6,2021-02-27,304.55454660471594,3.33,9,321.7999999999999,Y,0.005861664712777762,1.7,5.6610000000000005
7,2021-02-27,304.47898643002634,3.33,9,327.8,Y,0.07620164126611957,1.7,5.6610000000000005
8,2021-02-27,304.3713185639175,3.33,9,325.5,Y,0.04923798358733866,1.7,5.6610000000000005
9,2021-02-27,304.32160399643305,3.33,9,343.3,Y,0.25791324736225085,2.1,6.992999999999999
10,2021-02-27,304.2771564209002,3.33,9,315.0,N,-0.07385697538100833,1.7,0.0
1,2021-02-28,306.40470508237263,3.33,9,327.9000000000001,Y,0.1762152777777779,2.0,6.66
2,2021-02-28,305.9513685006421,3.33,9,328.50000000000006,Y,0.18142361111111144,2.0,6.66
3,2021-02-28,305.76908772982347,3.33,9,339.2999999999999,Y,0.2751736111111105,2.1,6.992999999999999
4,2021-02-28,305.44636567697836,3.33,9,353.1,Y,0.39496527777777735,2.3,7.659
5,2021-02-28,305.31575114809283,3.33,9,339.8999999999998,Y,0.2803819444444436,2.1,6.992999999999999
6,2021-02-28,305.2760686051413,3.33,9,324.4,Y,0.14583333333333295,1.7,5.6610000000000005
7,2021-02-28,305.2167239313493,3.33,9,324.4,Y,0.14583333333333295,1.7,5.6610000000000005
8,2021-02-28,305.1378735280448,3.33,9,354.6,Y,0.40798611111111066,2.3,7.659
9,2021-02-28,305.0620111239798,3.33,9,341.5,Y,0.29427083333333315,2.1,6.992999999999999
10,2021-02-28,305.0420873536185,3.33,9,342.6,Y,0.303819444444444,2.1,6.992999999999999
1,2021-03-01,302.90249047782027,3.33,9,350.79999999999984,Y,0.2525252525252521,2.1,6.992999999999999
2,2021-03-01,302.70603912735766,3.33,9,312.8,N,-0.042735042735042736,1.7,0.0
3,2021-03-01,302.1465129268948,3.33,9,315.6,N,-0.02097902097902089,1.7,0.0
4,2021-03-01,302.13902759203904,3.33,9,337.7,Y,0.15073815073815058,1.7,5.6610000000000005
5,2021-03-01,302.0285776781486,3.33,9,335.2999999999999,Y,0.13209013209013165,1.7,5.6610000000000005
6,2021-03-01,301.9632848860964,3.33,9,327.3,Y,0.06993006993006994,1.7,5.6610000000000005
7,2021-03-01,301.94203323428167,3.33,9,313.1,N,-0.04040404040404076,1.7,0.0
8,2021-03-01,301.7984545853973,3.33,9,319.7,Y,0.010878010878010705,1.7,5.6610000000000005
9,2021-03-01,301.75880519348334,3.33,9,324.7999999999999,Y,0.05050505050505007,1.7,5.6610000000000005
10,2021-03-01,301.7030551875704,3.33,9,302.8,N,-0.12043512043512045,1.7,0.0
1,2021-03-02,299.55870743372344,3.33,9,315.9,Y,0.24351747463359605,2.1,6.992999999999999
2,2021-03-02,299.37425653107164,3.33,9,312.6,Y,0.2063134160090193,2.0,6.66
3,2021-03-02,299.078568373305,3.33,9,295.9,Y,0.01803833145434009,1.7,5.6610000000000005
4,2021-03-02,299.00643005604155,3.33,9,290.0,N,-0.04847801578354016,1.7,0.0
5,2021-03-02,298.94214878560564,3.33,9,332.4,Y,0.42953776775648217,3.0,9.99
6,2021-03-02,298.91764901755823,3.33,9,303.2999999999999,Y,0.10146561443066454,1.7,5.6610000000000005
7,2021-03-02,298.84838948670915,3.33,9,277.90000000000003,N,-0.1848928974069896,1.7,0.0
8,2021-03-02,298.7265364188858,3.33,9,293.0,N,-0.014656144306651762,1.7,0.0
9,2021-03-02,298.706829296018,3.33,9,271.1,N,-0.2615558060879368,1.7,0.0
10,2021-03-02,282.495295529424,3.33,8,279.0,N,-0.17249154453213092,1.7,0.0
1,2021-03-03,309.7412571590773,3.33,9,305.4000000000001,N,-0.24463860206513066,1.7,0.0
2,2021-03-03,308.63480622321526,3.33,9,296.8,N,-0.3129467831612388,1.7,0.0
3,2021-03-03,308.39906465137403,3.33,9,281.0,N,-0.43844320889594895,1.7,0.0
4,2021-03-03,308.2363322055997,3.33,9,286.9000000000001,N,-0.3915806195393165,1.7,0.0
5,2021-03-03,308.0005906337584,3.33,9,271.1,N,-0.5170770452740266,1.7,0.0
6,2021-03-03,307.93480806335174,3.33,9,330.6,N,-0.044479745830024016,1.7,0.0
7,2021-03-03,307.86518036999,3.33,9,299.2,N,-0.2938840349483716,1.7,0.0
8,2021-03-03,307.81442187171683,3.33,9,310.0,N,-0.20810166799046848,1.7,0.0
9,2021-03-03,307.69906649151045,3.33,9,314.7999999999999,N,-0.16997617156473413,1.7,0.0
10,2021-03-03,307.60989207182223,3.33,9,299.0,N,-0.2954725972994438,1.7,0.0
1,2021-03-04,306.07219429902517,3.33,9,316.8,Y,0.1719418306244655,1.7,5.6610000000000005
2,2021-03-04,305.3985502481295,3.33,9,346.0,Y,0.4217279726261762,2.3,7.659
3,2021-03-04,305.17499723488925,3.33,9,283.2999999999999,N,-0.11462788708297715,1.7,0.0
4,2021-03-04,304.82699061660094,3.33,9,356.7,Y,0.5132591958939263,3.9,12.987
5,2021-03-04,265.29819729312567,3.33,8,261.3,N,-0.3028229255774163,1.7,0.0
6,2021-03-04,225.83201504356015,3.33,8,296.6,N,-0.0008554319931567383,1.7,0.0
7,2021-03-04,225.83191361654187,3.33,9,295.6,N,-0.00940975192472169,1.7,0.0
8,2021-03-04,225.8318050447561,3.33,9,204.9,N,-0.785286569717707,1.7,0.0
9,2021-03-04,225.8317009212641,3.33,9,237.6,N,-0.5055603079555175,1.7,0.0
10,2021-03-04,219.6221250327306,3.33,8,237.7,N,-0.5047048759623606,1.7,0.0
1,2021-03-10,273.642404277129,4.0,9,297.0,Y,0.14987714987714978,1.7,6.8
2,2021-03-10,273.4712022141634,4.0,9,298.1,Y,0.16339066339066288,1.7,6.8
3,2021-03-10,272.72197944609104,4.0,9,308.2999999999999,Y,0.2886977886977881,2.1,8.4
4,2021-03-10,272.7160372866244,4.0,9,267.0,N,-0.21867321867321887,1.7,0.0
5,2021-03-10,272.55046183902874,4.0,9,302.2,Y,0.2137592137592136,2.0,8.0
6,2021-03-10,272.20970100171763,4.0,9,303.7,Y,0.232186732186732,2.1,8.4
7,2021-03-10,272.2022112134004,4.0,9,284.2,N,-0.007371007371007651,1.7,0.0
8,2021-03-10,272.1851280128302,4.0,9,289.99999999999994,Y,0.06388206388206306,1.7,6.8
9,2021-03-10,272.0654740743757,4.0,9,308.6,Y,0.2923832923832919,2.1,8.4
10,2021-03-10,272.01498112104514,4.0,9,311.7,Y,0.3304668304668303,2.1,8.4
1,2021-03-11,316.7816959675352,3.33,9,316.4,N,-0.24124513618677065,1.7,0.0
2,2021-03-11,316.26852388823033,3.33,9,298.3,N,-0.4760051880674446,1.7,0.0
3,2021-03-11,316.10247679800744,3.33,9,302.0,N,-0.4280155642023345,1.7,0.0
4,2021-03-11,315.3194896772628,3.33,9,292.9000000000001,N,-0.5460440985732808,1.7,0.0
5,2021-03-11,315.0755761039987,3.33,9,286.1,N,-0.6342412451361863,1.7,0.0
6,2021-03-11,315.01602220307944,3.33,9,299.7,N,-0.4578469520103762,1.7,0.0
7,2021-03-11,314.93956571043134,3.33,9,328.8,N,-0.08041504539558998,1.7,0.0
8,2021-03-11,314.9075622025618,3.33,9,306.4000000000001,N,-0.3709468223086895,1.7,0.0
9,2021-03-11,314.9031065782032,3.33,9,307.6,N,-0.3553826199740593,1.7,0.0
10,2021-03-11,314.7794336369069,3.33,9,333.7000000000001,N,-0.016861219195848952,1.7,0.0
1,2021-03-12,308.7124329123907,3.33,9,272.0,N,-0.4193939393939397,1.7,0.0
2,2021-03-12,308.42476808887346,3.33,9,314.2,Y,0.0921212121212117,1.7,5.6610000000000005
3,2021-03-12,290.4540674914038,3.33,8,292.7,N,-0.1684848484848489,1.7,0.0
4,2021-03-12,290.4539592768778,3.33,9,274.9,N,-0.3842424242424248,1.7,0.0
5,2021-03-12,272.5737277586064,3.33,8,284.7999999999999,N,-0.26424242424242506,1.7,0.0
6,2021-03-12,272.5736235809024,3.33,9,278.2,N,-0.3442424242424247,1.7,0.0
7,2021-03-12,272.57351968430027,3.33,9,280.0,N,-0.3224242424242427,1.7,0.0
8,2021-03-12,272.57342081256587,3.33,9,260.5,N,-0.558787878787879,1.7,0.0
9,2021-03-12,272.57331301469355,3.33,9,240.6,N,-0.8,1.7,0.0
10,2021-03-12,272.57321321575256,3.33,9,214.2,N,-1.1200000000000003,1.7,0.0
1,2021-03-13,327.07247159464777,3.33,9,308.9,Y,0.023054755043227442,1.7,5.6610000000000005
2,2021-03-13,281.00888950418664,3.33,8,251.9,N,-0.5244956772334293,1.7,0.0
3,2021-03-13,281.0087875520908,3.33,9,302.50000000000006,N,-0.038424591738712224,1.7,0.0
4,2021-03-13,208.61606289657416,3.33,7,200.00000000000003,N,-1.0230547550432272,1.7,0.0
5,2021-03-13,208.61595761439563,3.33,9,231.2,N,-0.7233429394812679,1.7,0.0
6,2021-03-13,208.61586604154513,3.33,9,244.6,N,-0.5946205571565799,1.7,0.0
7,2021-03-13,208.61576526823623,3.33,9,231.2,N,-0.7233429394812677,1.7,0.0
8,2021-03-13,208.61566564619176,3.33,9,208.8,N,-0.9385206532180592,1.7,0.0
9,2021-03-13,208.6155654957176,3.33,9,254.2,N,-0.5024015369836695,1.7,0.0
10,2021-03-13,208.61545840207413,3.33,9,225.5,N,-0.7780979827089336,1.7,0.0
1,2021-03-14,271.6244246157788,3.33,8,225.90000000000003,N,-0.7827442827442823,1.7,0.0
2,2021-03-14,271.62707714837194,3.33,9,313.2000000000001,Y,0.12474012474012534,1.7,5.6610000000000005
3,2021-03-14,231.69622142515576,3.33,8,254.2,N,-0.4885654885654883,1.7,0.0
4,2021-03-14,231.6961121494561,3.33,9,249.1,N,-0.5415800415800416,1.7,0.0
5,2021-03-14,126.0539336638554,3.33,6,168.89999999999995,N,-1.3752598752598757,1.7,0.0
6,2021-03-14,104.99735770188113,3.33,8,164.7,N,-1.4189189189189189,1.7,0.0
7,2021-03-14,104.99725383460121,3.33,9,186.8,N,-1.1891891891891897,1.7,0.0
8,2021-03-14,104.99714607894192,3.33,9,164.3,N,-1.4230769230769231,1.7,0.0
9,2021-03-14,104.9970420011266,3.33,9,174.2,N,-1.3201663201663203,1.7,0.0
10,2021-03-14,104.99694248037632,3.33,9,215.1,N,-0.895010395010395,1.7,0.0
1,2021-03-15,330.75965944425275,3.33,9,352.6,Y,0.2289308176100628,2.1,6.992999999999999
2,2021-03-15,261.7347026828212,3.33,7,272.8,N,-0.7748427672955971,1.7,0.0
3,2021-03-15,261.7346034089622,3.33,9,251.9,N,-1.0377358490566038,1.7,0.0
4,2021-03-15,261.7344961337546,3.33,9,313.2999999999999,N,-0.2654088050314468,1.7,0.0
5,2021-03-15,241.78812491556752,3.33,8,255.6,N,-0.9911949685534588,1.7,0.0
6,2021-03-15,241.78801810323208,3.33,9,286.7999999999999,N,-0.5987421383647802,1.7,0.0
7,2021-03-15,225.5700164216851,3.33,8,241.7,N,-1.1660377358490566,1.7,0.0
8,2021-03-15,211.3896044249102,3.33,8,225.3,N,-1.3723270440251567,1.7,0.0
9,2021-03-15,211.38950367891903,3.33,9,236.1,N,-1.2364779874213834,1.7,0.0
10,2021-03-15,191.44314014949882,3.33,8,260.0,N,-0.9358490566037732,1.7,0.0
1,2021-03-16,265.39886329808104,3.33,8,252.9,N,-1.0265193370165746,1.7,0.0
2,2021-03-16,265.398759665443,3.33,9,295.8,N,-0.5524861878453039,1.7,0.0
3,2021-03-16,249.18143661450023,3.33,8,293.1,N,-0.5823204419889508,1.7,0.0
4,2021-03-16,188.3085995638916,3.33,7,182.7,N,-1.8022099447513813,1.7,0.0
5,2021-03-16,148.37774603741198,3.33,8,206.7,N,-1.5370165745856357,1.7,0.0
6,2021-03-16,148.37764219691522,3.33,9,224.8,N,-1.3370165745856355,1.7,0.0
7,2021-03-16,148.3775420085755,3.33,9,212.9,N,-1.4685082872928177,1.7,0.0
8,2021-03-16,148.37743415915128,3.33,9,164.5,N,-2.003314917127072,1.7,0.0
9,2021-03-16,148.37733215514464,3.33,9,224.4,N,-1.3414364640883978,1.7,0.0
10,2021-03-16,148.37723114184357,3.33,9,203.7,N,-1.5701657458563536,1.7,0.0
1,2021-03-17,328.1735381233914,3.33,9,346.50000000000006,N,-0.1184486373165614,1.7,0.0
2,2021-03-17,327.6689007295036,3.33,9,336.9000000000001,N,-0.21907756813417173,1.7,0.0
3,2021-03-17,327.5681179980466,3.33,9,316.4,N,-0.4339622641509439,1.7,0.0
4,2021-03-17,327.5160734691551,3.33,9,322.1,N,-0.374213836477988,1.7,0.0
5,2021-03-17,327.4975572733815,3.33,9,325.2999999999999,N,-0.34067085953878473,1.7,0.0
6,2021-03-17,327.1902940215128,3.33,9,299.8,N,-0.6079664570230611,1.7,0.0
7,2021-03-17,327.074387906735,3.33,9,317.4,N,-0.4234800838574428,1.7,0.0
8,2021-03-17,327.03318638592367,3.33,9,323.4000000000001,N,-0.3605870020964359,1.7,0.0
9,2021-03-17,326.89787139233306,3.33,9,329.9000000000001,N,-0.2924528301886791,1.7,0.0
10,2021-03-17,326.8400926191452,3.33,9,300.9,N,-0.5964360587002101,1.7,0.0
1,2021-03-18,271.1897594517024,3.33,8,303.1,N,-0.312430011198208,1.7,0.0
2,2021-03-18,257.0093545764161,3.33,8,283.1,N,-0.5363941769316906,1.7,0.0
3,2021-03-18,257.00924767176264,3.33,9,300.9,N,-0.3370660694288916,1.7,0.0
4,2021-03-18,240.7912468102425,3.33,8,239.5,N,-1.0246360582306828,1.7,0.0
5,2021-03-18,240.79114084431114,3.33,9,257.29999999999995,N,-0.825307950727884,1.7,0.0
6,2021-03-18,179.91828094544059,3.33,7,195.9,N,-1.5128779395296754,1.7,0.0
7,2021-03-18,179.91817932905536,3.33,9,258.0,N,-0.8174692049272115,1.7,0.0
8,2021-03-18,162.09026692564555,3.33,8,250.5,N,-0.9014557670772676,1.7,0.0
9,2021-03-18,132.78489299440957,3.33,7,150.39999999999995,N,-2.0223964165733483,1.7,0.0
10,2021-03-18,105.51711560378227,3.33,7,130.8,N,-2.241881298992161,1.7,0.0
1,2021-03-20,319.1325556792866,3.33,9,296.2,N,-0.4171686746987948,1.7,0.0
2,2021-03-20,318.4992780556445,3.33,9,293.49999999999994,N,-0.457831325301205,1.7,0.0
3,2021-03-20,318.31076171274543,3.33,9,307.2999999999999,N,-0.2500000000000002,1.7,0.0
4,2021-03-20,316.43419463325,3.33,9,286.2999999999999,N,-0.5662650602409639,1.7,0.0
5,2021-03-20,316.1368926498632,3.33,9,300.2,N,-0.3569277108433732,1.7,0.0
6,2021-03-20,315.97940275613104,3.33,9,308.4000000000001,N,-0.23343373493975805,1.7,0.0
7,2021-03-20,315.5036150262211,3.33,9,297.5,N,-0.3975903614457826,1.7,0.0
8,2021-03-20,315.3876505472177,3.33,9,291.49999999999994,N,-0.4879518072289159,1.7,0.0
9,2021-03-20,315.315098683322,3.33,9,311.3,N,-0.1897590361445777,1.7,0.0
10,2021-03-20,315.016760424492,3.33,9,300.5,N,-0.3524096385542164,1.7,0.0
1,2021-03-21,323.19399943194105,5.0,9,360.9,Y,0.7615803814713904,27.7,138.5
2,2021-03-21,322.81930610368147,5.0,9,309.6,Y,0.06267029972752076,1.7,8.5
3,2021-03-21,322.80822734811863,5.0,9,328.9,Y,0.3256130790190734,2.1,10.5
4,2021-03-21,322.7301939549968,5.0,9,304.8,N,-0.002724795640326821,1.7,0.0
5,2021-03-21,322.69802938200627,5.0,9,333.7999999999999,Y,0.392370572207084,2.3,11.5
6,2021-03-21,322.61454923789836,5.0,9,309.2999999999999,Y,0.058583106267029374,1.7,8.5
7,2021-03-21,322.54640813252087,5.0,9,339.9,Y,0.4754768392370571,3.9,19.5
8,2021-03-21,322.48018182640806,5.0,9,321.5,Y,0.22479564032697555,2.0,10.0
9,2021-03-21,322.40214843328624,5.0,9,297.4000000000001,N,-0.10354223433242464,1.7,0.0
10,2021-03-21,322.3891074478583,5.0,9,368.8,Y,0.8692098092643048,189.5,947.5
1,2021-03-22,282.93377388896,4.44,8,273.7,N,-1.4034267912772591,1.7,0.0
2,2021-03-22,282.93367263744653,4.44,9,339.1,N,-0.3847352024922126,1.7,0.0
3,2021-03-22,282.9335831356193,4.44,9,335.80000000000007,N,-0.4361370716510896,1.7,0.0
4,2021-03-22,282.93347381118997,4.44,9,279.40000000000003,N,-1.3146417445482863,1.7,0.0
5,2021-03-22,282.9333663111404,4.44,9,291.7999999999999,N,-1.1214953271028048,1.7,0.0
6,2021-03-22,282.935050791948,4.44,9,304.6,N,-0.9221183800623062,1.7,0.0
7,2021-03-22,243.004210927862,4.44,8,266.90000000000003,N,-1.5093457943925233,1.7,0.0
8,2021-03-22,243.00411029265118,4.44,9,252.10000000000005,N,-1.7398753894080994,1.7,0.0
9,2021-03-22,243.00400109313682,4.44,9,234.3,N,-2.017133956386293,1.7,0.0
10,2021-03-22,198.34905797766768,4.44,8,236.4,N,-1.9844236760124616,1.7,0.0
1,2021-03-23,307.85484150125126,3.33,9,257.20000000000005,N,-0.4668989547038319,1.7,0.0
2,2021-03-23,307.43608237287145,3.33,9,298.3,Y,0.010452961672474259,1.7,5.6610000000000005
3,2021-03-23,240.5327352041653,3.33,7,242.5,N,-0.6376306620209058,1.7,0.0
4,2021-03-23,240.53263291800425,3.33,9,238.79999999999995,N,-0.6806039488966319,1.7,0.0
5,2021-03-23,219.47605828255195,3.33,8,265.20000000000005,N,-0.3739837398373975,1.7,0.0
6,2021-03-23,219.4759591658926,3.33,9,251.0,N,-0.538908246225319,1.7,0.0
7,2021-03-23,205.2955641107132,3.33,8,200.7,N,-1.1231126596980254,1.7,0.0
8,2021-03-23,205.2954572341993,3.33,9,194.8,N,-1.1916376306620204,1.7,0.0
9,2021-03-23,205.2953561082856,3.33,9,236.9,N,-0.7026713124274094,1.7,0.0
10,2021-03-23,205.29524640730625,3.33,9,233.2,N,-0.7456445993031355,1.7,0.0
1,2021-03-24,327.871073408621,3.33,9,274.40000000000003,N,-0.19980787704130595,1.7,0.0
2,2021-03-24,327.19931565950003,3.33,9,299.6,Y,0.04226705091258437,1.7,5.6610000000000005
3,2021-03-24,327.06363197001997,3.33,9,274.1,N,-0.20268972142170952,1.7,0.0
4,2021-03-24,327.03831103251133,3.33,9,285.3,N,-0.09510086455331387,1.7,0.0
5,2021-03-24,327.0197258827614,3.33,9,308.7000000000001,Y,0.12968299711815615,1.7,5.6610000000000005
6,2021-03-24,326.7399272690991,3.33,9,288.5,N,-0.06436119116234378,1.7,0.0
7,2021-03-24,326.7061453493536,3.33,9,291.4000000000001,N,-0.036503362151776686,1.7,0.0
8,2021-03-24,326.3806354650042,3.33,9,236.4,N,-0.5648414985590775,1.7,0.0
9,2021-03-24,326.3800566340911,3.33,9,301.5,Y,0.060518731988472727,1.7,5.6610000000000005
10,2021-03-24,326.35372474029185,3.33,9,311.9000000000001,Y,0.16042267050912626,1.7,5.6610000000000005
1,2021-03-25,302.57501526548856,5.0,9,291.3,N,-0.6118500604594914,1.7,0.0
2,2021-03-25,285.53164633407766,5.0,8,281.4,N,-0.7315598548972184,1.7,0.0
3,2021-03-25,285.5313014679399,5.0,9,306.7,N,-0.4256348246674724,1.7,0.0
4,2021-03-25,269.3132485808398,5.0,8,263.99999999999994,N,-0.9419588875453444,1.7,0.0
5,2021-03-25,269.3143545640596,5.0,9,342.6,Y,0.008464328899637101,1.7,8.5
6,2021-03-25,269.31471313867485,5.0,9,329.9000000000001,N,-0.1451027811366377,1.7,0.0
7,2021-03-25,253.5600635557899,5.0,8,304.1,N,-0.4570737605804103,1.7,0.0
8,2021-03-25,253.5599594468657,5.0,9,281.29999999999995,N,-0.732769044740024,1.7,0.0
9,2021-03-25,237.80530584429403,5.0,8,275.50000000000006,N,-0.8029020556227313,1.7,0.0
10,2021-03-25,237.8052018399613,5.0,9,288.0,N,-0.6517533252720671,1.7,0.0
1,2021-03-26,324.30871691482054,4.44,9,279.0,N,-0.5824308062575206,1.7,0.0
2,2021-03-26,322.8955275126649,4.44,9,285.3,N,-0.5066185318892895,1.7,0.0
3,2021-03-26,322.86672346750333,4.44,9,323.4000000000001,N,-0.04813477737665394,1.7,0.0
4,2021-03-26,322.66894698751383,4.44,9,314.1,N,-0.16004813477737606,1.7,0.0
5,2021-03-26,322.6401364660981,4.44,9,273.70000000000005,N,-0.6462093862815874,1.7,0.0
6,2021-03-26,322.3510923467508,4.44,9,309.5,N,-0.21540312876052914,1.7,0.0
7,2021-03-26,322.22341572754675,4.44,9,294.8,N,-0.3922984356197348,1.7,0.0
8,2021-03-26,322.21639498432575,4.44,9,263.20000000000005,N,-0.7725631768953058,1.7,0.0
9,2021-03-26,322.2063461526228,4.44,9,295.9000000000001,N,-0.3790613718411545,1.7,0.0
10,2021-03-26,322.1722716691312,4.44,9,301.3,N,-0.314079422382671,1.7,0.0
1,2021-03-27,318.69002151944784,5.0,9,263.2,N,-0.9161372299872941,1.7,0.0
2,2021-03-27,318.42560672501565,5.0,9,239.8,N,-1.2134688691232531,1.7,0.0
3,2021-03-27,318.08211464648036,5.0,9,232.3,N,-1.3087674714104196,1.7,0.0
4,2021-03-27,317.84056732839787,5.0,9,259.1,N,-0.968233799237612,1.7,0.0
5,2021-03-27,317.62132690165384,5.0,9,239.5,N,-1.21728081321474,1.7,0.0
6,2021-03-27,317.5892810813913,5.0,9,245.9,N,-1.1359593392630245,1.7,0.0
7,2021-03-27,317.46945056414023,5.0,9,270.1,N,-0.8284625158831009,1.7,0.0
8,2021-03-27,317.3134305480942,5.0,9,257.9,N,-0.9834815756035584,1.7,0.0
9,2021-03-27,317.23531165038503,5.0,9,249.3,N,-1.0927573062261755,1.7,0.0
10,2021-03-27,317.0598664685823,5.0,9,264.79999999999995,N,-0.8958068614993655,1.7,0.0
1,2021-03-28,302.56346036269235,5.0,9,328.2999999999999,Y,0.6888567293777127,13.8,69.0
2,2021-03-28,302.2383163538208,5.0,9,306.1,Y,0.367583212735166,2.1,10.5
3,2021-03-28,300.5255360271729,5.0,9,324.7,Y,0.6367583212735164,9.2,46.0
4,2021-03-28,299.94354424650385,5.0,9,292.5,Y,0.1707670043415341,1.7,8.5
5,2021-03-28,299.5780574700147,5.0,9,336.6,Y,0.8089725036179444,39.1,195.5
6,2021-03-28,299.51257777424456,5.0,9,296.2999999999999,Y,0.22575976845151896,2.1,10.5
7,2021-03-28,299.50278087093164,5.0,9,295.6,Y,0.21562952243125866,2.0,10.0
8,2021-03-28,299.1874337653731,5.0,9,274.1,N,-0.09551374819102697,1.7,0.0
9,2021-03-28,298.9457482499105,5.0,9,290.6,Y,0.1432706222865417,1.7,8.5
10,2021-03-28,298.80445012305955,5.0,9,315.9,Y,0.5094066570188129,3.9,19.5
1,2021-03-30,293.414671119545,5.55,9,290.0,N,-0.14363885088919284,1.7,0.0
2,2021-03-30,223.27884314121246,5.55,7,209.5,N,-1.2448700410396716,1.7,0.0
3,2021-03-30,223.27874348232768,5.55,9,252.7,N,-0.6538987688098494,1.7,0.0
4,2021-03-30,223.27863417516465,5.55,9,205.0,N,-1.3064295485636108,1.7,0.0
5,2021-03-30,223.27854522799103,5.55,9,303.5,Y,0.041039671682626525,1.7,9.435
6,2021-03-30,202.2477246089407,5.55,8,219.5,N,-1.1080711354309165,1.7,0.0
7,2021-03-30,202.24762308624958,5.55,9,227.8,N,-0.9945280437756492,1.7,0.0
8,2021-03-30,202.2475180494128,5.55,9,239.0,N,-0.8413132694938442,1.7,0.0
9,2021-03-30,181.21668874271973,5.55,8,204.7,N,-1.3105335157318738,1.7,0.0
10,2021-03-30,181.21657913909755,5.55,9,244.3,N,-0.7688098495212035,1.7,0.0
1,2021-03-31,323.1864329135128,5.55,9,338.5,Y,0.17530319735391378,2.0,11.1
2,2021-03-31,322.5609758667884,5.55,9,326.9000000000001,Y,0.04740904079382593,1.7,9.435
3,2021-03-31,321.5666323327991,5.55,9,353.90000000000015,Y,0.3450937155457554,2.1,11.655
4,2021-03-31,321.47551894809015,5.55,9,334.1,Y,0.12679162072767367,1.7,9.435
5,2021-03-31,321.3278567107326,5.55,9,337.4000000000001,Y,0.16317530319735407,1.7,9.435
6,2021-03-31,321.13861871291044,5.55,9,332.1,Y,0.1047409040793826,1.7,9.435
7,2021-03-31,320.9112106818651,5.55,9,332.7,Y,0.11135611907386954,1.7,9.435
8,2021-03-31,320.8885295220725,5.55,9,341.9000000000001,Y,0.21278941565600887,2.0,11.1
9,2021-03-31,320.8040226827089,5.55,9,329.50000000000006,Y,0.07607497243660458,1.7,9.435
10,2021-03-31,320.74388750146164,5.55,9,317.5,N,-0.056229327453142484,1.7,0.0
1,2021-04-02,322.2588432,4.44,9,262.1,N,-0.8233861140000001,1.7,0.0
2,2021-04-02,320.7931055,4.44,9,273.3,N,-0.686967113,1.7,0.0
3,2021-04-02,320.5930782,4.44,9,278.6,N,-0.622411693,1.7,0.0
4,2021-04-02,320.5188431,4.44,9,266.3,N,-0.772228989,1.7,0.0
5,2021-04-02,320.4818098,4.44,9,271.2,N,-0.712545676,1.7,0.0
6,2021-04-02,320.3931625,4.44,9,282.2,N,-0.578562728,1.7,0.0
7,2021-04-02,320.2670182,4.44,9,307.4,N,-0.27161997600000004,1.7,0.0
8,2021-04-02,320.2425876000001,4.44,9,304.1,N,-0.31181486,1.7,0.0
9,2021-04-02,320.1699761000001,4.44,9,280.4,N,-0.600487211,1.7,0.0
10,2021-04-02,320.16103819999995,4.44,9,271.6,N,-0.7076735690000001,1.7,0.0
1,2021-04-03,309.3667258426298,9.0,9,270.2,N,-0.7161383285302588,1.7,0.0
2,2021-04-03,309.10908364746416,9.0,9,287.3,N,-0.4697406340057629,1.7,0.0
3,2021-04-03,309.0820373494876,9.0,9,299.7,N,-0.2910662824207489,1.7,0.0
4,2021-04-03,308.71783039715666,9.0,9,290.1,N,-0.4293948126801144,1.7,0.0
5,2021-04-03,308.6167236873468,9.0,9,257.1,N,-0.9048991354466848,1.7,0.0
6,2021-04-03,308.5554455938787,9.0,9,273.50000000000006,N,-0.6685878962536008,1.7,0.0
7,2021-04-03,308.39388330313614,9.0,9,287.0,N,-0.4740634005763683,1.7,0.0
8,2021-04-03,308.3792002674681,9.0,9,254.6,N,-0.940922190201728,1.7,0.0
9,2021-04-03,308.29401378486875,9.0,9,281.3,N,-0.5561959654178666,1.7,0.0
10,2021-04-03,308.29332202857705,9.0,9,287.9000000000001,N,-0.4610951008645522,1.7,0.0
1,2021-04-04,313.1862512,4.44,9,277.4,N,-0.29547960300000004,1.7,0.0
2,2021-04-04,313.0278926000001,4.44,9,287.0,N,-0.189636163,1.7,0.0
3,2021-04-04,312.9159446999999,4.44,9,271.1,N,-0.364939361,1.7,0.0
4,2021-04-04,312.9064966,4.44,9,277.7,N,-0.292171996,1.7,0.0
5,2021-04-04,312.6699483999999,4.44,9,257.5,N,-0.5148842339999999,1.7,0.0
6,2021-04-04,312.5831541,4.44,9,257.1,N,-0.519294377,1.7,0.0
7,2021-04-04,312.442185,4.44,9,280.1,N,-0.265711136,1.7,0.0
8,2021-04-04,312.3643289,4.44,9,261.6,N,-0.469680265,1.7,0.0
9,2021-04-04,312.0339782,4.44,9,236.9,N,-0.742006615,1.7,0.0
10,2021-04-04,312.0323524,4.44,9,251.2,N,-0.584343991,1.7,0.0
1,2021-04-05,303.47382210000006,4.44,9,302.9,N,-0.14896214900000002,1.7,0.0
2,2021-04-05,302.40366939999996,4.44,9,326.9,Y,0.144078144,1.7,7.547999999999999
3,2021-04-05,302.3947653,4.44,9,312.7,N,-0.029304029,1.7,0.0
4,2021-04-05,302.3574514,4.44,9,303.4,N,-0.14285714300000002,1.7,0.0
5,2021-04-05,302.03302149999996,4.44,9,320.2,Y,0.062271062,1.7,7.547999999999999
6,2021-04-05,301.6928192,4.44,9,305.9,N,-0.112332112,1.7,0.0
7,2021-04-05,301.59837369999997,4.44,9,302.8,N,-0.15018315,1.7,0.0
8,2021-04-05,301.572197,4.44,9,311.0,N,-0.05006105,1.7,0.0
9,2021-04-05,301.4745772,4.44,9,313.1,N,-0.024420024,1.7,0.0
10,2021-04-05,301.3246125,4.44,9,336.7,Y,0.263736264,2.1,9.324
1,2021-04-06,319.9788374,5.0,9,303.3,Y,0.112440191,1.7,8.5
2,2021-04-06,319.8824244,5.0,9,304.4,Y,0.125598086,1.7,8.5
3,2021-04-06,319.8187755,5.0,9,289.5,N,-0.052631579000000005,1.7,0.0
4,2021-04-06,319.7642268,5.0,9,299.2,Y,0.06339712900000001,1.7,8.5
5,2021-04-06,319.69126560000007,5.0,9,296.2,Y,0.027511962,1.7,8.5
6,2021-04-06,319.6678138000001,5.0,9,300.3,Y,0.076555024,1.7,8.5
7,2021-04-06,319.54030389999997,5.0,9,307.0,Y,0.156698565,1.7,8.5
8,2021-04-06,319.2797728999999,5.0,9,282.1,N,-0.141148325,1.7,0.0
9,2021-04-06,318.9064974,5.0,9,283.8,N,-0.12081339699999999,1.7,0.0
10,2021-04-06,318.8567124,5.0,9,293.0,N,-0.01076555,1.7,0.0
1,2021-04-07,321.6010566,4.44,9,269.3,N,-0.50401837,1.7,0.0
2,2021-04-07,319.3592524,4.44,9,321.0,Y,0.089552239,1.7,7.547999999999999
3,2021-04-07,319.26421919999996,4.44,9,313.1,N,-0.001148106,1.7,0.0
4,2021-04-07,319.18082460000005,4.44,9,298.2,N,-0.17221584399999998,1.7,0.0
5,2021-04-07,318.9621793,4.44,9,273.0,N,-0.46153846200000004,1.7,0.0
6,2021-04-07,318.9564466,4.44,9,295.7,N,-0.200918485,1.7,0.0
7,2021-04-07,318.8850695,4.44,9,276.2,N,-0.4247990820000001,1.7,0.0
8,2021-04-07,318.842358,4.44,9,326.8,Y,0.156142365,1.7,7.547999999999999
9,2021-04-07,318.79828139999995,4.44,9,273.2,N,-0.45924225,1.7,0.0
10,2021-04-07,318.53760689999996,4.44,9,287.9,N,-0.290470723,1.7,0.0
1,2021-04-08,319.7313663,4.44,9,315.6,N,-0.17081448,1.7,0.0
2,2021-04-08,319.4036723000001,4.44,9,315.6,N,-0.17081448,1.7,0.0
3,2021-04-08,318.4870771,4.44,9,315.1,N,-0.176470588,1.7,0.0
4,2021-04-08,317.7409019,4.44,9,287.6,N,-0.487556561,1.7,0.0
5,2021-04-08,317.1790849,4.44,9,301.9,N,-0.325791855,1.7,0.0
6,2021-04-08,316.6120806,4.44,9,337.4,Y,0.075791855,1.7,7.547999999999999
7,2021-04-08,316.41016,4.44,9,320.1,N,-0.11990950199999999,1.7,0.0
8,2021-04-08,316.4014776,4.44,9,322.3,N,-0.095022624,1.7,0.0
9,2021-04-08,316.38800269999996,4.44,9,338.8,Y,0.09162895900000001,1.7,7.547999999999999
10,2021-04-08,316.3080412,4.44,9,300.7,N,-0.339366516,1.7,0.0
1,2021-04-09,318.6321048,5.0,9,321.0,N,-0.245654693,1.7,0.0
2,2021-04-09,318.4585213,5.0,9,276.3,N,-0.763615295,1.7,0.0
3,2021-04-09,317.59254269999997,5.0,9,279.1,N,-0.7311703359999999,1.7,0.0
4,2021-04-09,317.5484341,5.0,9,293.8,N,-0.560834299,1.7,0.0
5,2021-04-09,317.46157339999996,5.0,9,331.5,N,-0.123986095,1.7,0.0
6,2021-04-09,317.34541989999997,5.0,9,293.8,N,-0.560834299,1.7,0.0
7,2021-04-09,317.1639667,5.0,9,292.9,N,-0.5712630360000001,1.7,0.0
8,2021-04-09,317.00200839999997,5.0,9,336.5,N,-0.066048667,1.7,0.0
9,2021-04-09,316.97476560000007,5.0,9,300.3,N,-0.485515643,1.7,0.0
10,2021-04-09,316.9687669,5.0,9,291.0,N,-0.5932792579999999,1.7,0.0
1,2021-04-10,313.4655269,5.0,9,332.3,Y,0.156899811,1.7,8.5
2,2021-04-10,313.2099103,5.0,9,280.4,N,-0.333648393,1.7,0.0
3,2021-04-10,312.467572,5.0,9,276.0,N,-0.375236295,1.7,0.0
4,2021-04-10,311.4427037,5.0,9,330.5,Y,0.139886578,1.7,8.5
5,2021-04-10,311.1870871000001,5.0,9,278.6,N,-0.350661626,1.7,0.0
6,2021-04-10,311.1694461,5.0,9,319.1,Y,0.032136106,1.7,8.5
7,2021-04-10,311.0458184,5.0,9,306.6,N,-0.08601134199999999,1.7,0.0
8,2021-04-10,310.76473230000005,5.0,9,341.8,Y,0.246691871,2.1,10.5
9,2021-04-10,310.5269443,5.0,9,313.5,N,-0.020793951,1.7,0.0
10,2021-04-10,310.50911569999994,5.0,9,289.9,N,-0.243856333,1.7,0.0
1,2021-04-11,313.8149715,5.55,9,334.2,Y,0.07247796299999999,1.7,9.435
2,2021-04-11,313.5909154,5.55,9,342.1,Y,0.149853085,1.7,9.435
3,2021-04-11,313.18120810000005,5.55,9,353.1,Y,0.257590597,2.1,11.655
4,2021-04-11,313.0365416,5.55,9,353.1,Y,0.257590597,2.1,11.655
5,2021-04-11,312.980444,5.55,9,318.9,N,-0.077375122,1.7,0.0
6,2021-04-11,312.8124390000001,5.55,9,336.0,Y,0.090107738,1.7,9.435
7,2021-04-11,312.7462358,5.55,9,330.1,Y,0.032321254,1.7,9.435
8,2021-04-11,312.74274810000014,5.55,9,355.6,Y,0.282076396,2.1,11.655
9,2021-04-11,312.71701939999997,5.55,9,280.4,N,-0.454456415,1.7,0.0
10,2021-04-11,312.6986008,5.55,9,348.5,Y,0.21253672899999998,2.0,11.1
1,2021-04-12,318.459565,4.44,9,302.9,N,-0.0034246579999999997,1.7,0.0
2,2021-04-12,318.2112936000001,4.44,9,304.2,Y,0.011415525,1.7,7.547999999999999
3,2021-04-12,318.0855682,4.44,9,313.5,Y,0.11757990900000001,1.7,7.547999999999999
4,2021-04-12,317.9795409,4.44,9,326.3,Y,0.26369863,2.1,9.324
5,2021-04-12,317.902081,4.44,9,295.4,N,-0.089041096,1.7,0.0
6,2021-04-12,317.69300739999994,4.44,9,297.1,N,-0.06963470299999999,1.7,0.0
7,2021-04-12,317.4612547,4.44,9,319.2,Y,0.182648402,2.0,8.88
8,2021-04-12,317.34319419999997,4.44,9,290.4,N,-0.146118721,1.7,0.0
9,2021-04-12,317.3289978,4.44,9,322.7,Y,0.22260274,2.0,8.88
10,2021-04-12,317.0791814,4.44,9,287.5,N,-0.179223744,1.7,0.0
1,2021-04-13,301.5024308,4.44,9,279.1,N,-0.554307116,1.7,0.0
2,2021-04-13,301.0446955,4.44,9,279.1,N,-0.554307116,1.7,0.0
3,2021-04-13,299.4447418000001,4.44,9,283.6,N,-0.498127341,1.7,0.0
4,2021-04-13,299.3536789,4.44,9,270.5,N,-0.661672909,1.7,0.0
5,2021-04-13,299.3434533,4.44,9,260.5,N,-0.786516854,1.7,0.0
6,2021-04-13,299.3290626000001,4.44,9,264.8,N,-0.732833958,1.7,0.0
7,2021-04-13,299.0431137,4.44,9,271.2,N,-0.652933833,1.7,0.0
8,2021-04-13,299.0378611,4.44,9,278.1,N,-0.566791511,1.7,0.0
9,2021-04-13,298.8847649,4.44,9,254.5,N,-0.8614232209999999,1.7,0.0
10,2021-04-13,298.682347,4.44,9,295.1,N,-0.354556804,1.7,0.0
1,2021-04-14,322.0875752,4.44,9,313.3,N,-0.25210084,1.7,0.0
2,2021-04-14,321.9340503,4.44,9,343.4,Y,0.06407563,1.7,7.547999999999999
3,2021-04-14,321.2317948000001,4.44,9,340.2,Y,0.030462185,1.7,7.547999999999999
4,2021-04-14,320.8432305,4.44,9,302.0,N,-0.370798319,1.7,0.0
5,2021-04-14,320.6897057,4.44,9,332.1,N,-0.05462184900000002,1.7,0.0
6,2021-04-14,320.6612159,4.44,9,324.8,N,-0.131302521,1.7,0.0
7,2021-04-14,320.5033385,4.44,9,347.8,Y,0.11029411800000001,1.7,7.547999999999999
8,2021-04-14,320.4441394,4.44,9,336.4,N,-0.009453781999999999,1.7,0.0
9,2021-04-14,320.44021269999996,4.44,9,309.6,N,-0.290966387,1.7,0.0
10,2021-04-14,320.4179078,4.44,9,301.0,N,-0.381302521,1.7,0.0
1,2021-04-15,302.58124889999993,4.0,9,275.3,N,-0.073781291,1.7,0.0
2,2021-04-15,302.1177437,4.0,9,255.7,N,-0.33201581,1.7,0.0
3,2021-04-15,302.1125739,4.0,9,295.6,Y,0.193675889,2.0,8.0
4,2021-04-15,301.5236634,4.0,9,271.3,N,-0.126482213,1.7,0.0
5,2021-04-15,301.37583639999997,4.0,9,294.7,Y,0.181818182,2.0,8.0
6,2021-04-15,300.9123312,4.0,9,275.1,N,-0.076416337,1.7,0.0
7,2021-04-15,300.6256266000001,4.0,9,266.5,N,-0.18972332,1.7,0.0
8,2021-04-15,299.62375160000005,4.0,9,276.6,N,-0.056653490999999986,1.7,0.0
9,2021-04-15,299.514773,4.0,9,257.6,N,-0.306982872,1.7,0.0
10,2021-04-15,299.42018939999997,4.0,9,244.4,N,-0.48089591600000003,1.7,0.0
1,2021-04-16,335.5437809,4.44,9,325.7,N,-0.24227318,1.7,0.0
2,2021-04-16,334.3071097,4.44,9,314.4,N,-0.354935194,1.7,0.0
3,2021-04-16,334.134743,4.44,9,344.1,N,-0.05882352900000001,1.7,0.0
4,2021-04-16,333.6677845000001,4.44,9,332.7,N,-0.17248255199999998,1.7,0.0
5,2021-04-16,333.49503660000005,4.44,9,299.7,N,-0.501495513,1.7,0.0
6,2021-04-16,333.1612336,4.44,9,301.6,N,-0.482552343,1.7,0.0
7,2021-04-16,332.9196323000001,4.44,9,316.1,N,-0.33798604200000004,1.7,0.0
8,2021-04-16,332.9186262,4.44,9,309.0,N,-0.408773679,1.7,0.0
9,2021-04-16,332.8722956000001,4.44,9,303.4,N,-0.464606181,1.7,0.0
10,2021-04-16,332.8498142,4.44,9,346.6,N,-0.033898305,1.7,0.0
1,2021-04-17,317.9216206000001,4.44,9,292.1,N,-0.377622378,1.7,0.0
2,2021-04-17,317.83491210000005,4.44,9,277.6,N,-0.58041958,1.7,0.0
3,2021-04-17,317.6811687,4.44,9,282.8,N,-0.507692308,1.7,0.0
4,2021-04-17,316.8074256999999,4.44,9,325.2,Y,0.085314685,1.7,7.547999999999999
5,2021-04-17,316.1031498000001,4.44,9,344.6,Y,0.35664335700000005,2.1,9.324
6,2021-04-17,316.0661411000001,4.44,9,310.3,N,-0.123076923,1.7,0.0
7,2021-04-17,316.00588569999996,4.44,9,274.2,N,-0.627972028,1.7,0.0
8,2021-04-17,315.987978,4.44,9,311.9,N,-0.10069930099999999,1.7,0.0
9,2021-04-17,315.8271078,4.44,9,294.8,N,-0.33986014,1.7,0.0
10,2021-04-17,315.8159602,4.44,9,286.6,N,-0.454545455,1.7,0.0
1,2021-04-18,312.7219740000001,5.0,9,265.4,N,-0.942260442,1.7,0.0
2,2021-04-18,312.7186661,5.0,9,285.6,N,-0.6941031940000001,1.7,0.0
3,2021-04-18,312.6998592,5.0,9,324.4,N,-0.21744471699999998,1.7,0.0
4,2021-04-18,312.5894913,5.0,9,278.4,N,-0.782555283,1.7,0.0
5,2021-04-18,312.5705365,5.0,9,264.9,N,-0.948402948,1.7,0.0
6,2021-04-18,312.43721439999996,5.0,9,317.1,N,-0.307125307,1.7,0.0
7,2021-04-18,312.06545510000007,5.0,9,288.0,N,-0.664619165,1.7,0.0
8,2021-04-18,311.9620466,5.0,9,248.7,N,-1.147420147,1.7,0.0
9,2021-04-18,311.9587387,5.0,9,268.9,N,-0.899262899,1.7,0.0
10,2021-04-18,311.8295639,5.0,9,261.7,N,-0.987714988,1.7,0.0
1,2021-04-19,320.2213823,4.44,9,327.3,N,-0.298638132,1.7,0.0
2,2021-04-19,320.2074088,4.44,9,347.1,N,-0.106031128,1.7,0.0
3,2021-04-19,319.59693239999996,4.44,9,316.1,N,-0.407587549,1.7,0.0
4,2021-04-19,319.5651775,4.44,9,343.4,N,-0.142023346,1.7,0.0
5,2021-04-19,319.5103299999999,4.44,9,371.6,Y,0.13229572,1.7,7.547999999999999
6,2021-04-19,319.4438133999999,4.44,9,363.4,Y,0.052529183,1.7,7.547999999999999
7,2021-04-19,319.3629659,4.44,9,368.6,Y,0.10311284,1.7,7.547999999999999
8,2021-04-19,319.3596956,4.44,9,377.7,Y,0.191634241,2.0,8.88
9,2021-04-19,319.3128035000001,4.44,9,341.3,N,-0.162451362,1.7,0.0
10,2021-04-19,319.2597523,4.44,9,378.3,Y,0.197470817,2.0,8.88
1,2021-04-20,301.6996928000001,4.44,9,291.9,N,-0.43373494,1.7,0.0
2,2021-04-20,301.5873855,4.44,9,297.7,N,-0.333907057,1.7,0.0
3,2021-04-20,300.77864239999997,4.44,9,308.2,N,-0.153184165,1.7,0.0
4,2021-04-20,300.7537738,4.44,9,301.2,N,-0.273666093,1.7,0.0
5,2021-04-20,300.529065,4.44,9,297.2,N,-0.342512909,1.7,0.0
6,2021-04-20,299.9449278,4.44,9,283.2,N,-0.583476764,1.7,0.0
7,2021-04-20,299.7743715,4.44,9,295.8,N,-0.366609294,1.7,0.0
8,2021-04-20,299.5903063,4.44,9,295.3,N,-0.375215146,1.7,0.0
9,2021-04-20,299.477999,4.44,9,301.1,N,-0.275387263,1.7,0.0
10,2021-04-20,299.4652939,4.44,9,275.1,N,-0.7228915659999999,1.7,0.0
1,2021-04-21,328.5349436,4.44,9,310.7,N,-0.386809269,1.7,0.0
2,2021-04-21,328.4229241000001,4.44,9,284.0,N,-0.6247771839999999,1.7,0.0
3,2021-04-21,328.3483435,4.44,9,284.8,N,-0.6176470589999999,1.7,0.0
4,2021-04-21,328.2968563,4.44,9,304.1,N,-0.44563279899999997,1.7,0.0
5,2021-04-21,328.1848367,4.44,9,277.4,N,-0.6836007129999999,1.7,0.0
6,2021-04-21,327.9361604,4.44,9,314.6,N,-0.352049911,1.7,0.0
7,2021-04-21,327.885425,4.44,9,294.4,N,-0.532085561,1.7,0.0
8,2021-04-21,327.6906909,4.44,9,340.7,N,-0.11942959,1.7,0.0
9,2021-04-21,327.6473376,4.44,9,287.8,N,-0.590909091,1.7,0.0
10,2021-04-21,327.4526035,4.44,9,334.1,N,-0.178253119,1.7,0.0
1,2021-04-22,301.100598975281,4.44,9,294.2000000000001,Y,0.03473945409429364,1.7,7.547999999999999
2,2021-04-22,300.75818136531444,4.44,9,333.1,Y,0.5173697270471461,3.9,17.316000000000006
3,2021-04-22,299.96082826018267,4.44,9,321.1,Y,0.3684863523573199,2.1,9.324000000000002
4,2021-04-22,299.90798809454174,4.44,9,310.6,Y,0.2382133995037219,2.1,9.324000000000002
5,2021-04-22,299.83724395094043,4.44,9,301.10000000000014,Y,0.12034739454094415,1.7,7.547999999999999
6,2021-04-22,299.8157112521189,4.44,9,299.3,Y,0.09801488833746938,1.7,7.547999999999999
7,2021-04-22,299.57522945375393,4.44,9,298.5,Y,0.08808933002481416,1.7,7.547999999999999
8,2021-04-22,299.53544018662257,4.44,9,311.80000000000007,Y,0.25310173697270577,2.1,9.324000000000002
9,2021-04-22,299.50796099817217,4.44,9,335.10000000000014,Y,0.5421836228287852,4.9,21.756000000000004
10,2021-04-22,299.49016456087,4.44,9,313.6,Y,0.27543424317617843,2.1,9.324000000000002
1,2021-04-23,304.2007744321266,4.44,9,262.4,N,-0.8799048751486324,1.7,0.0
2,2021-04-23,304.16306368414337,4.44,9,252.1,N,-1.0023781212841851,1.7,0.0
3,2021-04-23,304.1129601329561,4.44,9,281.3,N,-0.6551724137931029,1.7,0.0
4,2021-04-23,303.88005716012543,4.44,9,299.2999999999999,N,-0.4411414982164092,1.7,0.0
5,2021-04-23,303.8171095885132,4.44,9,304.7,N,-0.3769322235434005,1.7,0.0
6,2021-04-23,302.909836355474,4.44,9,271.6,N,-0.7705112960760991,1.7,0.0
7,2021-04-23,302.82202205630335,4.44,9,290.5,N,-0.5457788347205703,1.7,0.0
8,2021-04-23,302.5100933912459,4.44,9,295.5,N,-0.48632580261593295,1.7,0.0
9,2021-04-23,302.4438929639432,4.44,9,268.2,N,-0.8109393579072529,1.7,0.0
10,2021-04-23,302.29339533940623,4.44,9,313.60000000000014,N,-0.271105826397145,1.7,0.0
1,2021-04-24,314.8052087549212,5.0,9,292.9000000000001,N,-0.8658192090395472,1.7,0.0
2,2021-04-24,313.96719700777686,5.0,9,300.8,N,-0.7542372881355928,1.7,0.0
3,2021-04-24,313.2992564169112,5.0,9,328.7,N,-0.3601694915254237,1.7,0.0
4,2021-04-24,313.2537824898612,5.0,9,333.2,N,-0.29661016949152536,1.7,0.0
5,2021-04-24,312.7616719198783,5.0,9,311.8,N,-0.5988700564971747,1.7,0.0
6,2021-04-24,311.92871889602367,5.0,9,302.7000000000001,N,-0.7274011299435019,1.7,0.0
7,2021-04-24,311.923660172734,5.0,9,319.7,N,-0.4872881355932202,1.7,0.0
8,2021-04-24,311.8827501575521,5.0,9,292.4000000000001,N,-0.8728813559322026,1.7,0.0
9,2021-04-24,311.66426239666475,5.0,9,320.7,N,-0.4731638418079096,1.7,0.0
10,2021-04-24,311.6445230782977,5.0,9,297.3,N,-0.8036723163841804,1.7,0.0
1,2021-04-25,309.3443105643373,5.55,9,309.8999999999998,N,-0.3039215686274525,1.7,0.0
2,2021-04-25,308.2119589815065,5.55,9,329.0,N,-0.03641456582633086,1.7,0.0
3,2021-04-25,307.5402817850476,5.55,9,342.2,Y,0.14845938375350096,1.7,9.435
4,2021-04-25,307.35292858622415,5.55,9,300.8,N,-0.43137254901960814,1.7,0.0
5,2021-04-25,307.1279874095431,5.55,9,334.3,Y,0.03781512605042002,1.7,9.435
6,2021-04-25,307.11661368161066,5.55,9,317.5,N,-0.19747899159663904,1.7,0.0
7,2021-04-25,307.08424375154635,5.55,9,308.6,N,-0.3221288515406172,1.7,0.0
8,2021-04-25,307.08047923933134,5.55,9,332.3,Y,0.009803921568627295,1.7,9.435
9,2021-04-25,307.061509898242,5.55,9,299.50000000000006,N,-0.4495798319327728,1.7,0.0
10,2021-04-25,306.9797495042907,5.55,9,334.50000000000006,Y,0.04061624649859994,1.7,9.435
1,2021-04-26,317.680097818395,5.0,9,330.1,Y,0.25141562853907184,2.1,10.5
2,2021-04-26,317.33195966671207,5.0,9,303.2000000000001,N,-0.053227633069081896,1.7,0.0
3,2021-04-26,316.6182169744341,5.0,9,300.3,N,-0.08607021517553755,1.7,0.0
4,2021-04-26,316.3137983975209,5.0,9,333.10000000000014,Y,0.2853907134767848,2.1,10.5
5,2021-04-26,316.23783465727087,5.0,9,333.6,Y,0.2910532276330696,2.1,10.5
6,2021-04-26,316.2367194737912,5.0,9,296.4,N,-0.13023782559456398,1.7,0.0
7,2021-04-26,316.23021569077684,5.0,9,314.9,Y,0.07927519818799546,1.7,8.5
8,2021-04-26,316.2080418767672,5.0,9,328.9,Y,0.2378255945639864,2.1,10.5
9,2021-04-26,316.19800846801127,5.0,9,322.4000000000001,Y,0.16421291053227696,1.7,8.5
10,2021-04-26,316.0973574437633,5.0,9,326.6,Y,0.2117780294450741,2.0,10.0
